{"cameraMode":{"drawMode":0,"name":"Shaded","section":"Shading Mode"},"sceneLighting":true,"audioPlay":false,"sceneViewState":{"m_AlwaysRefresh":false,"showFog":true,"showSkybox":true,"showFlares":true,"showImageEffects":true,"showParticleSystems":true,"showVisualEffectGraphs":true,"m_FxEnabled":true},"in2DMode":false,"pivot":{"x":856.9580688476563,"y":216.57760620117188,"z":-621.0504150390625},"rotation":{"x":-0.0031331439968198539,"y":0.9769116044044495,"z":-0.21313846111297608,"w":-0.0143606411293149},"size":615.7838134765625,"orthographic":true}