{"cameraMode":{"drawMode":0,"name":"Shaded","section":"Shading Mode"},"sceneLighting":false,"audioPlay":false,"sceneViewState":{"m_AlwaysRefresh":false,"showFog":false,"showSkybox":false,"showFlares":false,"showImageEffects":false,"showParticleSystems":false,"showVisualEffectGraphs":true,"m_FxEnabled":true},"in2DMode":false,"pivot":{"x":0.36684322357177737,"y":0.1253310590982437,"z":-0.18976116180419923},"rotation":{"x":-0.08706037700176239,"y":-0.056158196181058887,"z":0.004915568977594376,"w":-0.994608998298645},"size":1.3165249824523926,"orthographic":false}